rank,surname,population
1,陳,2618994
2,林,1947520
3,黃,1402808
4,張,1239880
5,李,1199920
6,王,955035
7,吳,935684
8,劉,737607
9,蔡,684531
10,楊,617799
11,許,540929
12,鄭,440767
13,謝,412657
14,洪,352942
15,郭,350072
16,邱,343469
17,曾,338779
18,廖,315819
19,賴,310053
20,徐,294723
21,周,282185
22,葉,276376
23,蘇,265641
24,莊,222238
25,江,214168
26,呂,212835
27,何,198755
28,蕭,194001
29,羅,193869
30,高,179657
31,潘,162042
32,簡,158851
33,朱,154057
34,鍾,152552
35,游,139073
36,彭,138119
37,詹,136232
38,施,127312
39,胡,126649
40,沈,120364
41,余,118955
42,盧,111185
43,梁,107098
44,趙,103810
45,顏,103567
46,柯,102280
47,翁,93244
48,魏,89608
49,孫,83760
50,戴,82124
51,范,79190
52,方,76757
53,宋,75318
54,鄧,63544
55,杜,54163
56,侯,52912
57,傅,52562
58,曹,51403
59,薛,50246
60,阮,49289
61,丁,48495
62,卓,44936
63,馬,42710
64,温,42171
65,董,41537
66,藍,41507
67,古,41350
68,石,40943
69,紀,40747
70,唐,40579
71,蔣,40387
72,姚,39953
73,連,39773
74,歐,37838
75,馮,37810
76,程,36448
77,湯,35907
78,田,35560
79,康,35499
80,黄,34531
81,姜,34083
82,白,33142
83,汪,32452
84,尤,32036
85,鄒,31813
86,黎,29532
87,巫,29117
88,鐘,28759
89,涂,27298
90,龔,24885
91,嚴,22084
92,韓,21190
93,袁,20907
94,金,19369
95,童,19345
96,陸,17082
97,柳,16669
98,凃,16374
99,夏,16249
100,邵,15329
101,錢,14708
102,伍,14440
103,倪,14007
104,溫,13956
105,駱,12482
106,譚,12346
107,于,12079
108,甘,11786
109,熊,11590
110,任,11433
111,秦,11365
112,章,11122
113,毛,11116
114,官,11098
115,顧,11096
116,史,10864
117,萬,10786
118,俞,10661
119,粘,10027
120,雷,9983
121,饒,9657
122,張簡,9162
123,闕,8794
124,凌,8288
125,武,8164
126,孔,8043
127,尹,8036
128,崔,7997
129,辛,7922
130,歐陽,7653
131,辜,7536
132,陶,7266
133,段,7163
134,易,7156
135,龍,6965
136,韋,6798
137,池,6423
138,葛,6378
139,褚,5935
140,孟,5804
141,麥,5754
142,殷,5661
143,莫,5338
144,文,5296
145,賀,5265
146,賈,5213
147,管,5144
148,關,5038
149,包,4800
150,向,4707
151,丘,4361
152,范姜,4259
153,梅,4253
154,華,4128
155,裴,4042
156,利,3975
157,全,3712
158,樊,3561
159,房,3546
160,佘,3509
161,花,3499
162,安,3399
163,左,3333
164,魯,3288
165,塗,3219
166,穆,3148
167,鮑,3087
168,蒲,3076
169,郝,2992
170,谷,2897
171,成,2894
172,邢,2875
173,練,2828
174,閻,2786
175,鄔,2783
176,陽,2727
177,盛,2693
178,常,2691
179,符,2662
180,耿,2649
181,解,2636
182,繆,2634
183,申,2624
184,聶,2624
185,祝,2581
186,岳,2540
187,曲,2438
188,籃,2413
189,齊,2395
190,應,2290
191,舒,2246
192,單,2227
193,喬,2220
194,畢,2198
195,留,2193
196,鄞,2185
197,翟,2126
198,牛,2111
199,龎,2099
200,覃,2087
201,季,2036
202,項,1977
203,卜,1974
204,𡍼𡍼,1970
205,喻,1896
206,商,1877
207,買,1850
208,滕,1841
209,焦,1786
210,車,1775
211,力,1728
212,雲,1696
213,艾,1688
214,虞,1688
215,苗,1676
216,戚,1651
217,巴,1650
218,牟,1596
219,樂,1546
220,司,1537
221,臧,1516
222,幸,1480
223,宗,1472
224,費,1468
225,屈,1448
226,樓,1407
227,衛,1368
228,諶,1355
229,尚,1336
230,靳,1325
231,桂,1314
232,祁,1305
233,沙,1299
234,欒,1230
235,宮,1199
236,路,1191
237,龐,1171
238,刁,1151
239,瞿,1106
240,時,1088
241,鄺,1085
242,柴,1077
243,松,1074
244,柏,1036
245,談,1034
246,查,1029
247,霍,1028
248,釋,1015
249,閔,1006
250,隋,989
251,風,987
252,竇,984
253,鄂,960
254,髙,950
255,甯,949
256,儲,945
257,仲,930
258,吉,929
259,湛,925
260,遲,901
261,東,898
262,冉,897
263,匡,865
264,昌,849
265,榮,840
266,仇,839
267,蘭,830
268,婁,802
269,卞,798
270,冷,786
271,晏,767
272,伊,766
273,岑,765
274,桑,764
275,姬,755
276,裘,744
277,蒙,742
278,肖,739
279,席,732
280,區,730
281,偕,710
282,初,701
283,叢,700
284,郁,692
285,阿,690
286,兵,675
287,米,672
288,邊,669
289,甄,666
290,明,659
291,勞,642
292,郎,633
293,鞠,632
294,荊,627
295,茆,623
296,奚,620
297,景,619
298,聞,619
299,盤,605
300,𨶒𨶒,605
301,佟,601
302,机,595
303,周黃,594
304,屠,585
305,才,583
306,厲,582
307,錡,578
308,顔,576
309,禇,567
310,粟,566
311,干,564
312,貝,560
313,原,548
314,冼,547
315,宜,541
316,封,540
317,標,536
318,江謝,533
319,平,519
320,容,504
321,張廖,491
322,皮,483
323,司徒,478
324,農,477
325,竺,474
326,宣,473
327,南,472
328,栢,472
329,敖,462
330,鄢,462
331,危,461
332,杞,461
333,茅,458
334,禹,455
335,蓋,452
336,藺,451
337,黨,451
338,芮,448
339,枋,444
340,狄,442
341,惠,434
342,寇,432
343,胥,431
344,於,427
345,岩,425
346,烏,423
347,苑,420
348,月,418
349,浦,409
350,欉,409
351,楚,403
352,豐,401
353,逄,400
354,城,394
355,諸,391
356,修,388
357,嵇,388
358,候,384
359,師,379
360,哀,377
361,來,374
362,戎,370
363,森,368
364,那,361
365,都,361
366,鹿,357
367,強,354
368,忻,349
369,滿,344
370,覺,340
371,元,339
372,寧,337
373,宇,331
374,絲,328
375,姜林,321
376,雍,319
377,山,315
378,支,306
379,闞,304
380,帥,302
381,戰,295
382,上官,294
383,翁林,294
384,井,292
385,郜,289
386,永,286
387,濮,286
388,鈕,283
389,朴,282
390,燕,282
391,酆,278
392,関,278
393,亷,278
394,束,277
395,麻,275
396,慕,275
397,晁,274
398,栗,274
399,富,269
400,鞏,267
401,相,266
402,根,265
403,杭,260
404,計,260
405,卿,260
406,薄,260
407,班,258
408,揭,258
409,彌,256
410,日,252
411,權,252
412,居,249
413,印,246
414,哈,242
415,賓,241
416,閆,239
417,戈,238
418,寸,237
419,秋,237
420,斯,237
421,壽,234
422,念,233
423,寗,231
424,𡩋𡩋,228
425,羊,227
426,爐,227
427,門,226
428,邴,223
429,亓,221
430,朱陳,218
431,薩,212
432,步,211
433,衣,208
434,漆,207
435,海,205
436,普,204
437,冀,204
438,卯,202
439,豊,202
440,豆,201
441,祖,199
442,乃,198
443,招,197
444,酈,194
445,邱黃,193
446,仝,189
447,付,187
448,資,186
449,端木,186
450,綦,185
451,索,183
452,臺,181
453,國,180
454,鳳,180
455,矯,180
456,諸葛,180
457,󻼳󻼳,179
458,角,178
459,經,176
460,同,174
461,墜,174
462,尉,173
463,水,171
464,扶,171
465,展,171
466,璩,170
467,扈,168
468,葉劉,168
469,邰,165
470,團,163
471,宓,161
472,嘪,160
473,英,159
474,勵,159
475,紅,157
476,達,157
477,和,156
478,苟,155
479,隆,153
480,銀,153
481,味,152
482,玉,151
483,楓,151
484,曠,151
485,糠,147
486,過,146
487,衡,146
488,伏,144
489,昝,144
490,湖,142
491,字,141
492,茹,140
493,沃,137
494,眭,137
495,盂,136
496,晉,135
497,敬,134
498,王李,133
499,邸,131
500,貢,131
501,姫,131
502,朝,129
503,漳,128
504,閩,127
505,禤,127
506,赫,125
507,張李,125
508,宿,124
509,出,123
510,但,122
511,法,122
512,廣,122
513,󿿮󿿮,122
514,丹,121
515,信,120
516,霜,120
517,公,119
518,習,119
519,勤,117
520,陣,115
521,黑,115
522,皇甫,115
523,巢,111
524,况,110
525,堯,109
526,滑,108
527,操,108
528,洋,107
529,閉,107
530,登,107
531,廉,106
532,蒯,106
533,哖,105
534,栁,105
535,巖,104
536,書,103
537,玲,100
538,番,100
539,虎,99
540,剛,99
541,歸,99
542,阮呂,99
543,侍,98
544,毒,98
545,磨,97
546,鮮,96
547,三,95
548,藩,95
549,布,94
550,洗,94
551,博,94
552,鎖,94
553,巧,93
554,宛,93
555,延,92
556,靖,92
557,瑪,92
558,由,91
559,掌,90
560,郗,89
561,望,89
562,翼,89
563,承,88
564,世,87
565,禚,87
566,杞杞,87
567,陳吳,87
568,代,86
569,母,86
570,生,86
571,慈,86
572,巨,85
573,闗,85
574,邦,84
575,訾,84
576,壯,82
577,焉,82
578,漢,82
579,晋,82
580,劉黃,82
581,沐,81
582,名,79
583,庄,79
584,別,79
585,陰,79
586,桞,79
587,木,78
588,依,78
589,冬,77
590,青,77
591,階,77
592,刑,76
593,奉,76
594,保,76
595,衷,76
596,雙,75
597,蟻,75
598,冒,74
599,歐李,74
600,年,73
601,呼,73
602,林吳,73
603,勾,71
604,仰,71
605,記,71
606,渠,71
607,檀,71
608,鬆,71
609,曺,71
610,毋,70
611,言,70
612,芎,70
613,從,70
614,徐辜,70
615,張許,70
616,糜,69
617,張陳,69
618,陳李,69
619,亢,68
620,律,68
621,須,67
622,續,67
623,羗,67
624,陳黃,67
625,俸,66
626,稅,66
627,蔚,66
628,寶,66
629,芶,65
630,咸,65
631,郇,65
632,惲,65
633,么,64
634,卡,64
635,󿿖󿿖,64
636,刀,63
637,示,63
638,庾,63
639,󼀻󼀻,63
640,尉遲,63
641,位,62
642,開,62
643,鐵,62
644,泰,61
645,植,61
646,唐唐,61
647,完,60
648,陀,60
649,埕,60
650,尋,60
651,墨,60
652,申屠,60
653,后,59
654,秘,59
655,隗,59
656,軒,58
657,台,57
658,多,56
659,懷,56
660,占,55
661,老,55
662,郤,55
663,陵,55
664,遇,55
665,岡,54
666,長,54
667,拾,54
668,咼,54
669,潭,54
670,屠屠,54
671,河,53
672,淡,53
673,党,53
674,逯,53
675,拓,52
676,戢,52
677,遊,52
678,罕,51
679,蘆,51
680,弓,50
681,定,50
682,宦,50
683,員,50
684,送,50
685,職,50
686,李陳,50
687,荀,49
688,司馬,49
689,庹,48
690,斐,48
691,業,48
692,詩,48
693,蒼,48
694,邹,48
695,蘇陳,48
696,川,47
697,倫,47
698,郟,47
699,波,46
700,堵,46
701,李林,46
702,郭李,46
703,乜,45
704,央,45
705,兆,45
706,倉,45
707,桃,45
708,笪,45
709,欽,45
710,賽,45
711,徐陳,45
712,竹,44
713,伯,44
714,蚋,44
715,學,44
716,󹀀󹀀,44
717,亞,43
718,春,43
719,脩,43
720,智,43
721,蓮,43
722,縱,43
723,莎,42
724,蹇,42
725,灍,42
726,財,41
727,閃,41
728,慶,41
729,撒,41
730,双,41
731,牙,40
732,汝,40
733,佐,40
734,果,40
735,牧,40
736,莉,40
737,光,39
738,考,39
739,西,39
740,甫,39
741,种,39
742,菰,39
743,新,39
744,銅,39
745,闇,39
746,甲,38
747,豹,38
748,澎,38
749,範,38
750,衞,38
751,󽜈󽜈,38
752,火,37
753,賁,37
754,樟,37
755,鴻,37
756,譙,37
757,籍,37
758,隨,36
759,芦,36
760,夘,36
761,劉張,36
762,及,35
763,行,35
764,釧,35
765,猶,35
766,儀,35
767,所,34
768,拉,34
769,祈,34
770,凍,34
771,淩,34
772,祿,34
773,越,34
774,繩,34
775,拱,33
776,首,33
777,振,33
778,潛,33
779,仵,32
780,暢,32
781,蔡黃,32
782,里,31
783,昂,31
784,崇,31
785,部,31
786,勝,31
787,德,31
788,黃吳,31
789,仁,30
790,可,30
791,杲,30
792,洛,30
793,問,30
794,嘉,30
795,𣛮𣛮,30
796,尼,29
797,香,29
798,速,29
799,魚,29
800,繞,29
801,洪許,29
802,美,28
803,接,28
804,福,28
805,線,28
806,賢,28
807,陳許,28
808,淦,27
809,類,27
810,冦,27
811,荆,27
812,張楊,27
813,殳,26
814,脫,26
815,閭,26
816,强,26
817,軒轅,26
818,化,25
819,正,25
820,因,25
821,府,25
822,巷,25
823,是,25
824,納,25
825,荷,25
826,菅,25
827,雅,25
828,慎,25
829,周周,25
830,𥕥𥕥,25
831,䝉,25
832,千,24
833,以,24
834,乳,24
835,院,24
836,停,24
837,清,24
838,理,24
839,疏,24
840,夏侯,24
841,郭黃,24
842,鮮于,24
843,大,23
844,小,23
845,吾,23
846,希,23
847,思,23
848,革,23
849,茶,23
850,密,23
851,圍,23
852,暴,23
853,蕢,23
854,况况,23
855,余楊,23
856,曾林,23
857,回,22
858,克,22
859,忽,22
860,怯,22
861,旋,22
862,僧,22
863,察,22
864,端,22
865,橋,22
866,籴,22
867,謝林,22
868,仉,21
869,要,21
870,揚,21
871,愛,21
872,遠,21
873,虢,21
874,郄,21
875,鄷,21
876,王劉,21
877,李黃,21
878,介,20
879,先,20
880,把,20
881,汲,20
882,柑,20
883,貴,20
884,萇,20
885,奧,20
886,暨,20
887,蒿,20
888,增,20
889,霄,20
890,諾,20
891,秀,19
892,具,19
893,底,19
894,杻,19
895,眉,19
896,宰,19
897,順,19
898,義,19
899,裔,19
900,零,19
901,緒,19
902,籠,19
903,李王,19
904,陳辜,19
905,乙,18
906,比,18
907,加,18
908,玄,18
909,百,18
910,制,18
911,勇,18
912,後,18
913,迮,18
914,娜,18
915,家,18
916,乾,18
917,弼,18
918,楮,18
919,槐,18
920,維,18
921,樸,18
922,澹,18
923,襲,18
924,税,18
925,令狐,18
926,莊吳,18
927,弋,17
928,瓦,17
929,神,17
930,郅,17
931,雒,17
932,靜,17
933,麗,17
934,糴,17
935,裵,17
936,索南,17
937,凡,16
938,帖,16
939,弭,16
940,皇,16
941,格,16
942,興,16
943,隴,16
944,󼷴󼷴,16
945,云,16
946,黃沈,16
947,鄭黃,16
948,列,15
949,局,15
950,俎,15
951,拜,15
952,飛,15
953,校,15
954,剡,15
955,敦,15
956,塘,15
957,幹,15
958,電,15
959,賞,15
960,樹,15
961,鎦,15
962,塩,15
963,隥,15
964,麻麻,15
965,旺,14
966,星,14
967,浮,14
968,逢,14
969,補,14
970,運,14
971,道,14
972,睢,14
973,騰,14
974,貟,14
975,𨿅𨿅,14
976,顓孫,14
977,旦,13
978,彼,13
979,奕,13
980,度,13
981,寒,13
982,答,13
983,源,13
984,嘎,13
985,肇,13
986,韶,13
987,優,13
988,鎮,13
989,耀,13
990,露,13
991,久,13
992,吳鄭,13
993,淳于,13
994,陳呂,13
995,劉范,13
996,中,12
997,有,12
998,朿,12
999,佃,12
1000,妮,12
1001,威,12
1002,偉,12
1003,教,12
1004,犁,12
1005,彪,12
1006,傑,12
1007,喜,12
1008,劇,12
1009,磊,12
1010,嶺,12
1011,藏,12
1012,鑑,12
1013,穰,12
1014,󼮯󼮯,12
1015,効,12
1016,隂,12
1017,方鄒,12
1018,吳游,12
1019,陳彭,12
1020,孑,11
1021,羋,11
1022,恩,11
1023,敏,11
1024,梨,11
1025,萊,11
1026,塔,11
1027,節,11
1028,聖,11
1029,嘺,11
1030,鐔,11
1031,邏,11
1032,土,11
1033,榎,11
1034,佀,11
1035,㒰,11
1036,友,10
1037,令,10
1038,合,10
1039,妙,10
1040,者,10
1041,桐,10
1042,浣,10
1043,酒,10
1044,菲,10
1045,腰,10
1046,翦,10
1047,獨,10
1048,讓,10
1049,土登,10
1050,廖蔡,10
1051,濮陽,10
1052,一,9
1053,丑,9
1054,天,9
1055,夷,9
1056,如,9
1057,村,9
1058,板,9
1059,況,9
1060,治,9
1061,雨,9
1062,妲,9
1063,苫,9
1064,庫,9
1065,浩,9
1066,皋,9
1067,益,9
1068,陝,9
1069,旃,9
1070,淳,9
1071,野,9
1072,尊,9
1073,提,9
1074,筆,9
1075,紫,9
1076,鈄,9
1077,鉉,9
1078,滾,9
1079,緞,9
1080,緱,9
1081,闖,9
1082,雛,9
1083,藤,9
1084,五,9
1085,戶,9
1086,󻴨󻴨,9
1087,坂,9
1088,東方,9
1089,格桑,9
1090,噶瑪,9
1091,戴楊,9
1092,上,8
1093,仕,8
1094,本,8
1095,托,8
1096,君,8
1097,攸,8
1098,姒,8
1099,泣,8
1100,迪,8
1101,效,8
1102,秧,8
1103,偶,8
1104,勒,8
1105,雪,8
1106,復,8
1107,貊,8
1108,碧,8
1109,螘,8
1110,濱,8
1111,營,8
1112,氏,8
1113,仼,8
1114,遆,8
1115,盖,8
1116,紀紀,8
1117,亣,8
1118,札西,8
1119,今,7
1120,心,7
1121,北,7
1122,良,7
1123,固,7
1124,帕,7
1125,泊,7
1126,芳,7
1127,芭,7
1128,娃,7
1129,胖,7
1130,若,7
1131,降,7
1132,島,7
1133,拿,7
1134,真,7
1135,豈,7
1136,曼,7
1137,基,7
1138,紹,7
1139,凱,7
1140,棗,7
1141,溥,7
1142,瑞,7
1143,粱,7
1144,頊,7
1145,誾,7
1146,錫,7
1147,鑾,7
1148,𠍐𠍐,7
1149,󻕬󻕬,7
1150,江周,7
1151,李梁,7
1152,孫林,7
1153,張趙,7
1154,札,6
1155,次,6
1156,臣,6
1157,抄,6
1158,佡,6
1159,拔,6
1160,昆,6
1161,枉,6
1162,肯,6
1163,泉,6
1164,省,6
1165,珠,6
1166,能,6
1167,荐,6
1168,釗,6
1169,茬,6
1170,務,6
1171,堅,6
1172,排,6
1173,淑,6
1174,渚,6
1175,善,6
1176,煙,6
1177,爾,6
1178,銓,6
1179,審,6
1180,潔,6
1181,輝,6
1182,蕾,6
1183,囊,6
1184,㳺,6
1185,曽,6
1186,蔄,6
1187,蔴,6
1188,䔥,6
1189,王顏,6
1190,旦增,6
1191,康張,6
1192,第五,6
1193,郭洪,6
1194,劉許,6
1195,句,5
1196,弗,5
1197,朮,5
1198,守,5
1199,佛,5
1200,坊,5
1201,見,5
1202,赤,5
1203,奇,5
1204,卻,5
1205,咪,5
1206,姥,5
1207,苦,5
1208,茍,5
1209,邾,5
1210,厙,5
1211,恭,5
1212,假,5
1213,剪,5
1214,梵,5
1215,莘,5
1216,傘,5
1217,堤,5
1218,揣,5
1219,棘,5
1220,猴,5
1221,閑,5
1222,頓,5
1223,監,5
1224,機,5
1225,澤,5
1226,積,5
1227,縣,5
1228,舉,5
1229,默,5
1230,霞,5
1231,繳,5
1232,僑,5
1233,科,5
1234,蘿,5
1235,稻,5
1236,呙,5
1237,冨,5
1238,冮,5
1239,䌓,5
1240,𪧟𪧟,5
1241,𣾰𣾰,5
1242,棟,5
1243,沈游,5
1244,陸費,5
1245,赫連,5
1246,目,4
1247,矢,4
1248,吏,4
1249,汗,4
1250,旮,4
1251,坎,4
1252,求,4
1253,受,4
1254,庚,4
1255,朋,4
1256,油,4
1257,沓,4
1258,彥,4
1259,曷,4
1260,珍,4
1261,洒,4
1262,恒,4
1263,埃,4
1264,庭,4
1265,耕,4
1266,起,4
1267,扆,4
1268,啜,4
1269,崗,4
1270,得,4
1271,偰,4
1272,淵,4
1273,琴,4
1274,鄉,4
1275,媽,4
1276,歲,4
1277,督,4
1278,載,4
1279,鈴,4
1280,雎,4
1281,圖,4
1282,歌,4
1283,摩,4
1284,潤,4
1285,稽,4
1286,駒,4
1287,噶,4
1288,樵,4
1289,憨,4
1290,黛,4
1291,齋,4
1292,甕,4
1293,雞,4
1294,瓊,4
1295,騫,4
1296,辯,4
1297,靈,4
1298,鬱,4
1299,󹿀󹿀,4
1300,催,4
1301,芒,4
1302,炎,4
1303,渡,4
1304,睿,4
1305,豪,4
1306,婭,4
1307,叔,4
1308,帝,4
1309,朗,4
1310,濶,4
1311,叶,4
1312,𦍋𦍋,4
1313,漁,4
1314,扎西,4
1315,朱翁,4
1316,胡周,4
1317,益西,4
1318,貢佈,4
1319,曾翁,4
1320,允,3
1321,內,3
1322,少,3
1323,打,3
1324,伋,3
1325,努,3
1326,宏,3
1327,尾,3
1328,汴,3
1329,刺,3
1330,委,3
1331,拖,3
1332,係,3
1333,厚,3
1334,恆,3
1335,約,3
1336,茂,3
1337,俉,3
1338,奎,3
1339,悟,3
1340,荒,3
1341,荏,3
1342,細,3
1343,透,3
1344,堀,3
1345,換,3
1346,晴,3
1347,超,3
1348,傳,3
1349,飽,3
1350,筱,3
1351,漫,3
1352,種,3
1353,竭,3
1354,舞,3
1355,閰,3
1356,潮,3
1357,嬴,3
1358,歷,3
1359,環,3
1360,禮,3
1361,總,3
1362,鍊,3
1363,𣓾𣓾,3
1364,琚,3
1365,綠,3
1366,艮,3
1367,右,3
1368,岸,3
1369,建,3
1370,旁,3
1371,紗,3
1372,瑟,3
1373,箕,3
1374,繁,3
1375,礒,3
1376,坪,3
1377,渥,3
1378,璐,3
1379,菊,3
1380,篠,3
1381,鳩,3
1382,橫,3
1383,給,3
1384,眞,3
1385,花花,3
1386,󼶭󼶭,3
1387,笹,3
1388,𡻕𡻕,3
1389,冒冒,3
1390,楼,3
1391,午,3
1392,瀧,3
1393,朱吳,3
1394,延陵,3
1395,徐謝,3
1396,袞桑,3
1397,連林,3
1398,曾江,3
1399,薛林,3
1400,鍾張,3
1401,莊楊,3
1402,柳李,3
1403,入,2
1404,士,2
1405,尢,2
1406,太,2
1407,斗,2
1408,立,2
1409,亦,2
1410,旭,2
1411,自,2
1412,呈,2
1413,志,2
1414,改,2
1415,杉,2
1416,玖,2
1417,坤,2
1418,奔,2
1419,知,2
1420,舍,2
1421,芙,2
1422,非,2
1423,邯,2
1424,哇,2
1425,祕,2
1426,祗,2
1427,耐,2
1428,衍,2
1429,悅,2
1430,素,2
1431,紐,2
1432,茜,2
1433,培,2
1434,第,2
1435,袞,2
1436,堪,2
1437,嵐,2
1438,湘,2
1439,結,2
1440,寋,2
1441,殿,2
1442,群,2
1443,號,2
1444,賃,2
1445,僮,2
1446,睡,2
1447,翡,2
1448,酸,2
1449,禢,2
1450,潼,2
1451,遷,2
1452,頡,2
1453,錦,2
1454,鄶,2
1455,戲,2
1456,邁,2
1457,瀨,2
1458,簫,2
1459,繼,2
1460,籐,2
1461,曩,2
1462,微,2
1463,夢,2
1464,九,2
1465,󹶁󹶁,2
1466,彫,2
1467,愼,2
1468,伸,2
1469,毅,2
1470,沉,2
1471,冶,2
1472,冠,2
1473,昭,2
1474,庸,2
1475,琨,2
1476,嘟,2
1477,播,2
1478,暹,2
1479,贊,2
1480,妹,2
1481,怡,2
1482,皆,2
1483,耶,2
1484,述,2
1485,統,2
1486,滇,2
1487,萱,2
1488,蓓,2
1489,仙,2
1490,悠,2
1491,喇,2
1492,栾,2
1493,猪,2
1494,朶,2
1495,亜,2
1496,竪,2
1497,鳯,2
1498,澁,2
1499,濵,2
1500,樋,2
1501,󽮺󽮺,2
1502,刘,2
1503,𠔌𠔌,2
1504,下,2
1505,調,2
1506,贏,2
1507,菈,2
1508,妥,2
1509,綺,2
1510,影,2
1511,芝,2
1512,橘,2
1513,辻,2
1514,深,2
1515,昇,2
1516,孫劉,2
1517,褚阮,2
1518,八,1
1519,也,1
1520,兀,1
1521,刈,1
1522,壬,1
1523,扎,1
1524,丙,1
1525,且,1
1526,叭,1
1527,末,1
1528,瓜,1
1529,卌,1
1530,伙,1
1531,朵,1
1532,佑,1
1533,吼,1
1534,夾,1
1535,孝,1
1536,孜,1
1537,社,1
1538,卲,1
1539,汶,1
1540,協,1
1541,姑,1
1542,岱,1
1543,性,1
1544,或,1
1545,軋,1
1546,邳,1
1547,旻,1
1548,俄,1
1549,姻,1
1550,柔,1
1551,柒,1
1552,呰,1
1553,姞,1
1554,訇,1
1555,倚,1
1556,娘,1
1557,娟,1
1558,娥,1
1559,徒,1
1560,挪,1
1561,桓,1
1562,珮,1
1563,迴,1
1564,袓,1
1565,啊,1
1566,唱,1
1567,圈,1
1568,庶,1
1569,措,1
1570,晚,1
1571,欸,1
1572,荻,1
1573,軟,1
1574,通,1
1575,閈,1
1576,壹,1
1577,棠,1
1578,棋,1
1579,琦,1
1580,琺,1
1581,琪,1
1582,琵,1
1583,策,1
1584,逸,1
1585,鈔,1
1586,塞,1
1587,意,1
1588,楠,1
1589,椿,1
1590,睦,1
1591,肅,1
1592,裟,1
1593,誠,1
1594,鉛,1
1595,雋,1
1596,靶,1
1597,葳,1
1598,演,1
1599,閤,1
1600,鄚,1
1601,撖,1
1602,褟,1
1603,儒,1
1604,導,1
1605,憑,1
1606,璣,1
1607,霓,1
1608,頭,1
1609,濟,1
1610,薜,1
1611,織,1
1612,舊,1
1613,黟,1
1614,廬,1
1615,簿,1
1616,證,1
1617,霧,1
1618,礦,1
1619,櫻,1
1620,躍,1
1621,蘧,1
1622,曬,1
1623,羿,1
1624,唯,1
1625,泮,1
1626,吕,1
1627,佴,1
1628,陞,1
1629,派,1
1630,分,1
1631,莢,1
1632,蔭,1
1633,創,1
1634,為,1
1635,刮,1
1636,迢,1
1637,淮,1
1638,儂,1
1639,竅,1
1640,桌,1
1641,󹝞󹝞,1
1642,冲,1
1643,串,1
1644,偏,1
1645,淘,1
1646,荔,1
1647,墻,1
1648,額,1
1649,丸,1
1650,工,1
1651,禾,1
1652,亙,1
1653,灰,1
1654,羽,1
1655,佈,1
1656,折,1
1657,更,1
1658,沛,1
1659,育,1
1660,亮,1
1661,重,1
1662,乘,1
1663,值,1
1664,草,1
1665,埠,1
1666,婀,1
1667,崎,1
1668,掃,1
1669,晝,1
1670,涵,1
1671,莒,1
1672,赦,1
1673,幾,1
1674,悲,1
1675,暑,1
1676,湄,1
1677,琥,1
1678,發,1
1679,貂,1
1680,間,1
1681,愷,1
1682,煥,1
1683,獅,1
1684,當,1
1685,翠,1
1686,蓬,1
1687,銻,1
1688,鋇,1
1689,曉,1
1690,璞,1
1691,褥,1
1692,璦,1
1693,穗,1
1694,鵬,1
1695,杬,1
1696,柘,1
1697,帾,1
1698,藞,1
1699,啦,1
1700,梧,1
1701,鏡,1
1702,鶴,1
1703,万,1
1704,峨,1
1705,苡,1
1706,児,1
1707,别,1
1708,沢,1
1709,卧,1
1710,廼,1
1711,峯,1
1712,㧱,1
1713,舩,1
1714,喩,1
1715,寛,1
1716,楳,1
1717,綫,1
1718,銭,1
1719,杮,1
1720,𠤎𠤎,1
1721,起起,1
1722,敬敬,1
1723,夢夢,1
1724,𦾐𦾐,1
1725,󽆘󽆘,1
1726,󽄷󽄷,1
1727,󼸞󼸞,1
1728,𦮦𦮦,1
1729,𥠖𥠖,1
1730,矦,1
1731,嶋,1
1732,丸丸,1
1733,𡖖𡖖,1
1734,𫎇𫎇,1
1735,廸,1
1736,𧝁𧝁,1
1737,𨓻𨓻,1
1738,包包,1
1739,兪,1
1740,頼,1
1741,鎻,1
1742,夠,1
1743,蕘,1
1744,前,1
1745,落,1
1746,徽,1
1747,彦,1
1748,移,1
1749,釔,1
1750,芍,1
1751,砂,1
1752,𣬂𣬂,1
1753,宾,1
1754,絡,1
1755,芬,1
1756,噯,1
1757,盆,1
1758,轟,1
1759,堂,1
1760,笠,1
1761,榊,1
1762,緹,1
1763,鷹,1
1764,産,1
1765,伴,1
1766,摘,1
1767,鄴,1
1768,慧,1
1769,敵,1
1770,奈,1
1771,茱,1
1772,遜,1
1773,公羊,1
1774,比嘉,1
1775,王易,1
1776,白瑪,1
1777,張朱,1
1778,嚴林,1
1779,鐘簡,1
1780,阮黃,1
1781,李家,1
1782,阿仲,1
1783,潘黃,1
1784,高思,1
1785,呼延,1
